AGENT_ID,FIRST_NAME,LAST_NAME,EMAIL,PHONE,AGENCY_NAME
AGENT_171,Sarah,Jones,sarah.jones@agency.com,319-718-4938,Prime Insurance
AGENT_314,Laura,Jones,laura.jones@agency.com,495-798-8171,TrustGuard
AGENT_761,Laura,Williams,laura.williams@agency.com,215-495-8655,SecureLife
AGENT_905,Michael,Miller,michael.miller@agency.com,338-881-1027,Shield Insurance
AGENT_121,Emily,Brown,emily.brown@agency.com,614-769-5382,Prime Insurance
AGENT_158,Sarah,Smith,sarah.smith@agency.com,751-488-7616,SafeFuture
AGENT_289,David,Davis,david.davis@agency.com,909-655-9421,Shield Insurance
AGENT_230,Michael,Johnson,michael.johnson@agency.com,663-680-8369,Shield Insurance
AGENT_266,Laura,Johnson,laura.johnson@agency.com,358-363-5376,Shield Insurance
AGENT_341,Emily,Williams,emily.williams@agency.com,394-876-1382,SecureLife
AGENT_554,Laura,Garcia,laura.garcia@agency.com,489-695-9417,TrustGuard
AGENT_305,Emily,Davis,emily.davis@agency.com,508-879-8832,TrustGuard
AGENT_489,Jane,Williams,jane.williams@agency.com,834-836-8253,Prime Insurance
AGENT_802,Robert,Jones,robert.jones@agency.com,587-397-4730,SecureLife
AGENT_369,Sarah,Garcia,sarah.garcia@agency.com,323-787-9769,Prime Insurance
AGENT_819,John,Brown,john.brown@agency.com,219-245-4436,TrustGuard
AGENT_316,Sarah,Davis,sarah.davis@agency.com,585-355-5502,SecureLife
AGENT_256,Michael,Smith,michael.smith@agency.com,695-507-6304,SecureLife
AGENT_620,David,Miller,david.miller@agency.com,782-860-6965,TrustGuard
AGENT_238,Laura,Johnson,laura.johnson@agency.com,773-735-7847,SecureLife
AGENT_388,John,Jones,john.jones@agency.com,231-347-6126,SafeFuture
AGENT_140,Robert,Davis,robert.davis@agency.com,381-483-4595,SecureLife
AGENT_132,John,Davis,john.davis@agency.com,450-685-5192,Prime Insurance
AGENT_646,Sarah,Williams,sarah.williams@agency.com,640-924-2308,SafeFuture
AGENT_742,Sarah,Smith,sarah.smith@agency.com,576-809-6347,Shield Insurance
AGENT_497,Laura,Davis,laura.davis@agency.com,205-331-3964,Prime Insurance
AGENT_957,Jane,Jones,jane.jones@agency.com,280-238-9264,Prime Insurance
AGENT_963,John,Jones,john.jones@agency.com,389-974-7895,Shield Insurance
AGENT_584,Jane,Davis,jane.davis@agency.com,243-736-8196,SecureLife
AGENT_135,Emily,Smith,emily.smith@agency.com,255-875-3960,Shield Insurance
AGENT_781,Jane,Brown,jane.brown@agency.com,837-846-8357,SecureLife
AGENT_430,David,Davis,david.davis@agency.com,312-554-6522,TrustGuard
AGENT_330,Sarah,Davis,sarah.davis@agency.com,444-932-9880,SecureLife
AGENT_732,Sarah,Williams,sarah.williams@agency.com,688-497-7534,TrustGuard
AGENT_809,Laura,Garcia,laura.garcia@agency.com,707-769-9981,SafeFuture
AGENT_324,Laura,Davis,laura.davis@agency.com,424-791-6601,SecureLife
AGENT_473,Sarah,Davis,sarah.davis@agency.com,468-985-2441,TrustGuard
AGENT_596,Emily,Johnson,emily.johnson@agency.com,588-320-7897,Shield Insurance
AGENT_485,Emily,Garcia,emily.garcia@agency.com,281-673-6285,TrustGuard
AGENT_798,Sarah,Johnson,sarah.johnson@agency.com,816-846-4160,Prime Insurance
AGENT_954,Laura,Johnson,laura.johnson@agency.com,272-734-7960,SecureLife
AGENT_229,Laura,Johnson,laura.johnson@agency.com,601-339-4220,Prime Insurance
AGENT_515,Sarah,Garcia,sarah.garcia@agency.com,926-560-6197,TrustGuard
AGENT_500,Jane,Davis,jane.davis@agency.com,780-389-8609,SafeFuture
AGENT_610,Jane,Johnson,jane.johnson@agency.com,811-496-3363,Shield Insurance
AGENT_425,Emily,Brown,emily.brown@agency.com,390-470-3588,TrustGuard
AGENT_502,Robert,Davis,robert.davis@agency.com,417-616-3846,SecureLife
AGENT_919,Emily,Davis,emily.davis@agency.com,548-980-5998,Shield Insurance
AGENT_437,Jane,Brown,jane.brown@agency.com,503-757-8504,SecureLife
AGENT_572,Laura,Garcia,laura.garcia@agency.com,396-209-4165,SafeFuture
AGENT_723,John,Smith,john.smith@agency.com,788-708-6564,Prime Insurance
AGENT_996,Laura,Williams,laura.williams@agency.com,253-532-1422,Prime Insurance
AGENT_108,Michael,Davis,michael.davis@agency.com,828-930-4154,SafeFuture
AGENT_503,Robert,Davis,robert.davis@agency.com,621-237-6741,Prime Insurance
AGENT_724,Michael,Miller,michael.miller@agency.com,444-540-1711,Prime Insurance
AGENT_260,Robert,Davis,robert.davis@agency.com,981-671-3663,TrustGuard
AGENT_294,Emily,Brown,emily.brown@agency.com,810-935-6850,Prime Insurance
AGENT_982,Sarah,Garcia,sarah.garcia@agency.com,420-760-5055,TrustGuard
AGENT_126,Emily,Smith,emily.smith@agency.com,565-923-9257,Prime Insurance
AGENT_580,John,Miller,john.miller@agency.com,212-978-8363,SecureLife
AGENT_615,Laura,Brown,laura.brown@agency.com,936-338-2782,Prime Insurance
AGENT_576,Michael,Williams,michael.williams@agency.com,207-388-1115,SafeFuture
AGENT_136,David,Miller,david.miller@agency.com,701-290-6789,Prime Insurance
AGENT_706,Jane,Johnson,jane.johnson@agency.com,883-298-2643,Shield Insurance
AGENT_352,Michael,Davis,michael.davis@agency.com,935-615-8220,SecureLife
AGENT_892,David,Smith,david.smith@agency.com,948-869-4343,SecureLife
AGENT_891,Robert,Williams,robert.williams@agency.com,328-362-8685,Prime Insurance
AGENT_275,David,Williams,david.williams@agency.com,603-344-7853,SafeFuture
AGENT_966,John,Brown,john.brown@agency.com,783-583-6323,SafeFuture
AGENT_924,John,Davis,john.davis@agency.com,570-500-7218,SecureLife
AGENT_499,Robert,Davis,robert.davis@agency.com,834-810-9224,Prime Insurance
AGENT_191,Robert,Brown,robert.brown@agency.com,259-699-4980,SecureLife
AGENT_953,Robert,Miller,robert.miller@agency.com,933-385-4955,Prime Insurance
AGENT_224,Emily,Miller,emily.miller@agency.com,796-607-2180,SecureLife
AGENT_791,Jane,Jones,jane.jones@agency.com,756-727-8694,SecureLife
AGENT_363,Michael,Garcia,michael.garcia@agency.com,317-204-7443,Prime Insurance
AGENT_202,David,Brown,david.brown@agency.com,775-922-5869,SafeFuture
AGENT_146,Jane,Smith,jane.smith@agency.com,507-320-3215,Shield Insurance
AGENT_735,Emily,Brown,emily.brown@agency.com,989-405-1611,Prime Insurance
AGENT_886,Laura,Smith,laura.smith@agency.com,650-298-7844,SafeFuture
AGENT_573,Michael,Brown,michael.brown@agency.com,538-881-1094,Shield Insurance
AGENT_157,Laura,Miller,laura.miller@agency.com,666-789-9579,TrustGuard
AGENT_217,Sarah,Brown,sarah.brown@agency.com,699-577-8378,Shield Insurance
AGENT_680,Laura,Davis,laura.davis@agency.com,628-307-4655,Prime Insurance
AGENT_755,Michael,Davis,michael.davis@agency.com,378-828-1074,TrustGuard
AGENT_319,Laura,Johnson,laura.johnson@agency.com,451-818-9072,TrustGuard
AGENT_552,David,Garcia,david.garcia@agency.com,430-771-4544,SecureLife
AGENT_650,Emily,Davis,emily.davis@agency.com,261-215-7903,Shield Insurance
AGENT_122,Sarah,Williams,sarah.williams@agency.com,268-939-4312,Shield Insurance
AGENT_279,Emily,Smith,emily.smith@agency.com,256-550-6943,TrustGuard
AGENT_707,Michael,Smith,michael.smith@agency.com,632-287-2645,SecureLife
AGENT_357,John,Davis,john.davis@agency.com,642-756-9094,SecureLife
AGENT_951,Jane,Garcia,jane.garcia@agency.com,692-651-4311,Shield Insurance
AGENT_790,Jane,Johnson,jane.johnson@agency.com,668-903-6816,TrustGuard
AGENT_516,John,Williams,john.williams@agency.com,917-517-6611,TrustGuard
AGENT_496,Michael,Smith,michael.smith@agency.com,692-388-9373,Shield Insurance
AGENT_134,Robert,Garcia,robert.garcia@agency.com,832-948-5577,Prime Insurance
AGENT_701,Laura,Garcia,laura.garcia@agency.com,798-778-7092,SafeFuture
AGENT_295,Jane,Williams,jane.williams@agency.com,602-946-7017,TrustGuard
AGENT_512,John,Miller,john.miller@agency.com,596-411-4479,Prime Insurance
AGENT_860,David,Davis,david.davis@agency.com,363-643-8043,SecureLife
AGENT_788,Emily,Jones,emily.jones@agency.com,984-837-4475,Prime Insurance
AGENT_195,Robert,Smith,robert.smith@agency.com,620-922-9185,TrustGuard
AGENT_624,Michael,Jones,michael.jones@agency.com,292-857-6699,Shield Insurance
AGENT_372,Michael,Brown,michael.brown@agency.com,630-409-3991,Prime Insurance
AGENT_332,Sarah,Johnson,sarah.johnson@agency.com,329-354-7095,Shield Insurance
AGENT_834,Jane,Johnson,jane.johnson@agency.com,486-993-6192,SafeFuture
AGENT_243,John,Jones,john.jones@agency.com,278-907-7076,Shield Insurance
AGENT_990,Robert,Miller,robert.miller@agency.com,810-818-3522,Prime Insurance
AGENT_138,Robert,Miller,robert.miller@agency.com,859-414-4636,Shield Insurance
AGENT_832,Sarah,Jones,sarah.jones@agency.com,800-515-3833,SecureLife
AGENT_173,Michael,Davis,michael.davis@agency.com,681-962-5858,Shield Insurance
AGENT_618,Michael,Garcia,michael.garcia@agency.com,766-958-1833,SecureLife
AGENT_894,Michael,Garcia,michael.garcia@agency.com,831-227-1389,TrustGuard
AGENT_521,Laura,Jones,laura.jones@agency.com,430-447-5750,TrustGuard
AGENT_351,Michael,Brown,michael.brown@agency.com,439-352-9548,Shield Insurance
AGENT_225,David,Johnson,david.johnson@agency.com,843-718-4737,Shield Insurance
AGENT_460,David,Johnson,david.johnson@agency.com,845-888-6454,SecureLife
AGENT_604,David,Garcia,david.garcia@agency.com,334-527-4348,SafeFuture
AGENT_216,David,Smith,david.smith@agency.com,201-421-7394,SecureLife
AGENT_928,Emily,Miller,emily.miller@agency.com,617-604-1181,SafeFuture
AGENT_302,Emily,Johnson,emily.johnson@agency.com,588-312-6753,Shield Insurance
AGENT_631,David,Johnson,david.johnson@agency.com,228-514-1133,SafeFuture
AGENT_625,Michael,Garcia,michael.garcia@agency.com,633-486-8763,Shield Insurance
AGENT_358,Jane,Davis,jane.davis@agency.com,978-644-3394,SafeFuture
AGENT_835,Robert,Smith,robert.smith@agency.com,916-523-1928,TrustGuard
AGENT_107,John,Johnson,john.johnson@agency.com,760-522-1843,Prime Insurance
AGENT_415,Michael,Davis,michael.davis@agency.com,941-384-9805,TrustGuard
AGENT_839,John,Johnson,john.johnson@agency.com,457-863-5232,Prime Insurance
AGENT_300,Robert,Smith,robert.smith@agency.com,501-729-9922,Shield Insurance
AGENT_657,Emily,Davis,emily.davis@agency.com,268-433-7761,Shield Insurance
AGENT_355,Laura,Miller,laura.miller@agency.com,692-238-3992,SecureLife
AGENT_878,Jane,Johnson,jane.johnson@agency.com,289-834-6886,Prime Insurance
AGENT_926,Jane,Williams,jane.williams@agency.com,723-394-7044,TrustGuard
AGENT_204,Sarah,Miller,sarah.miller@agency.com,797-517-6601,Shield Insurance
AGENT_617,Jane,Jones,jane.jones@agency.com,485-227-6901,Prime Insurance
AGENT_969,Sarah,Johnson,sarah.johnson@agency.com,368-744-5638,SafeFuture
AGENT_776,Emily,Jones,emily.jones@agency.com,244-823-6015,TrustGuard
AGENT_177,Laura,Garcia,laura.garcia@agency.com,876-585-3429,Shield Insurance
AGENT_871,John,Miller,john.miller@agency.com,270-651-9483,Prime Insurance
AGENT_447,Sarah,Johnson,sarah.johnson@agency.com,432-344-5548,Shield Insurance
AGENT_153,David,Miller,david.miller@agency.com,246-830-9795,TrustGuard
AGENT_174,John,Brown,john.brown@agency.com,820-711-6211,Prime Insurance
AGENT_197,Laura,Johnson,laura.johnson@agency.com,733-485-4445,Prime Insurance
AGENT_407,Jane,Smith,jane.smith@agency.com,357-669-6138,SecureLife
AGENT_858,Laura,Davis,laura.davis@agency.com,473-738-6006,TrustGuard
AGENT_237,Jane,Garcia,jane.garcia@agency.com,434-224-3529,TrustGuard
AGENT_645,Laura,Davis,laura.davis@agency.com,634-905-3307,Shield Insurance
AGENT_846,Michael,Garcia,michael.garcia@agency.com,551-500-3623,SafeFuture
AGENT_762,Emily,Smith,emily.smith@agency.com,342-588-5938,SecureLife
AGENT_160,Robert,Brown,robert.brown@agency.com,393-778-6866,TrustGuard
AGENT_565,Michael,Jones,michael.jones@agency.com,583-824-6487,Shield Insurance
AGENT_937,David,Johnson,david.johnson@agency.com,677-530-8817,TrustGuard
AGENT_145,John,Smith,john.smith@agency.com,686-577-2865,TrustGuard
AGENT_172,David,Smith,david.smith@agency.com,724-775-4319,SecureLife
AGENT_338,Emily,Johnson,emily.johnson@agency.com,259-612-4409,SafeFuture
AGENT_436,Robert,Garcia,robert.garcia@agency.com,842-802-1258,TrustGuard
AGENT_155,Robert,Davis,robert.davis@agency.com,445-572-5063,SecureLife
AGENT_315,David,Davis,david.davis@agency.com,249-736-4084,Shield Insurance
AGENT_411,John,Williams,john.williams@agency.com,640-947-4421,TrustGuard
AGENT_462,Emily,Davis,emily.davis@agency.com,911-304-1910,Shield Insurance
AGENT_730,Emily,Miller,emily.miller@agency.com,973-669-8614,SecureLife
AGENT_244,Robert,Smith,robert.smith@agency.com,593-528-3995,TrustGuard
AGENT_166,Laura,Brown,laura.brown@agency.com,383-348-4253,Shield Insurance
AGENT_569,David,Williams,david.williams@agency.com,584-442-6284,Shield Insurance
AGENT_524,Emily,Garcia,emily.garcia@agency.com,537-742-6097,Prime Insurance
AGENT_542,Emily,Brown,emily.brown@agency.com,583-875-9293,TrustGuard
AGENT_642,Robert,Johnson,robert.johnson@agency.com,829-412-8408,TrustGuard
AGENT_105,Michael,Garcia,michael.garcia@agency.com,433-609-8318,Shield Insurance
AGENT_745,Laura,Brown,laura.brown@agency.com,674-213-3160,Prime Insurance
AGENT_673,Sarah,Brown,sarah.brown@agency.com,280-792-2158,TrustGuard
AGENT_534,Laura,Davis,laura.davis@agency.com,580-251-6896,SecureLife
AGENT_239,Jane,Miller,jane.miller@agency.com,439-580-9833,Shield Insurance
AGENT_904,Laura,Garcia,laura.garcia@agency.com,512-202-4068,Prime Insurance
AGENT_772,Laura,Jones,laura.jones@agency.com,227-530-1297,Prime Insurance
AGENT_749,Sarah,Williams,sarah.williams@agency.com,428-543-6442,SecureLife
AGENT_695,John,Garcia,john.garcia@agency.com,736-529-6613,SecureLife
AGENT_649,John,Miller,john.miller@agency.com,375-352-7299,SecureLife
AGENT_433,Jane,Smith,jane.smith@agency.com,794-300-3180,SafeFuture
AGENT_972,Jane,Jones,jane.jones@agency.com,453-532-7118,SafeFuture
AGENT_264,Laura,Brown,laura.brown@agency.com,992-332-5832,SecureLife
AGENT_501,Michael,Garcia,michael.garcia@agency.com,809-496-1784,SecureLife
AGENT_602,Emily,Smith,emily.smith@agency.com,519-391-3998,SecureLife
AGENT_722,Robert,Garcia,robert.garcia@agency.com,446-460-1869,SecureLife
AGENT_519,Sarah,Williams,sarah.williams@agency.com,307-741-7099,TrustGuard
AGENT_510,Robert,Garcia,robert.garcia@agency.com,912-292-7039,SecureLife
AGENT_933,Robert,Jones,robert.jones@agency.com,683-825-2092,Shield Insurance
AGENT_194,David,Jones,david.jones@agency.com,305-562-2576,TrustGuard
AGENT_910,Michael,Jones,michael.jones@agency.com,774-881-6461,Prime Insurance
AGENT_941,Jane,Williams,jane.williams@agency.com,236-624-2865,SecureLife
AGENT_240,David,Smith,david.smith@agency.com,743-754-6257,SafeFuture
AGENT_715,Robert,Jones,robert.jones@agency.com,362-262-2386,TrustGuard
AGENT_987,Sarah,Miller,sarah.miller@agency.com,818-942-4195,Prime Insurance
AGENT_477,Michael,Johnson,michael.johnson@agency.com,526-376-5558,TrustGuard
AGENT_825,David,Williams,david.williams@agency.com,839-671-2280,Prime Insurance
AGENT_445,Laura,Williams,laura.williams@agency.com,366-504-6898,SecureLife
AGENT_100,Emily,Smith,emily.smith@agency.com,660-952-9048,Shield Insurance
AGENT_530,Sarah,Williams,sarah.williams@agency.com,576-612-2411,Shield Insurance
AGENT_517,Michael,Miller,michael.miller@agency.com,361-629-2597,SafeFuture
AGENT_975,Laura,Garcia,laura.garcia@agency.com,603-705-8251,SafeFuture
AGENT_384,Jane,Davis,jane.davis@agency.com,688-665-4298,TrustGuard
AGENT_568,Jane,Miller,jane.miller@agency.com,613-319-9725,Shield Insurance
AGENT_247,Emily,Johnson,emily.johnson@agency.com,459-460-5875,Prime Insurance
AGENT_426,Robert,Davis,robert.davis@agency.com,422-378-6002,Shield Insurance
AGENT_117,Robert,Davis,robert.davis@agency.com,640-916-1777,SecureLife
AGENT_601,Laura,Brown,laura.brown@agency.com,937-364-9535,TrustGuard
AGENT_930,David,Davis,david.davis@agency.com,324-499-5943,SecureLife
AGENT_970,Jane,Davis,jane.davis@agency.com,954-673-8667,SecureLife
AGENT_261,Robert,Smith,robert.smith@agency.com,669-638-2323,SecureLife
AGENT_490,John,Johnson,john.johnson@agency.com,667-239-8781,SecureLife
AGENT_387,David,Brown,david.brown@agency.com,869-276-8610,Shield Insurance
AGENT_281,Jane,Johnson,jane.johnson@agency.com,543-918-8930,SecureLife
AGENT_647,Laura,Williams,laura.williams@agency.com,706-287-8965,TrustGuard
AGENT_914,David,Miller,david.miller@agency.com,653-553-4954,SafeFuture
AGENT_599,David,Williams,david.williams@agency.com,689-331-9600,Prime Insurance
AGENT_257,Jane,Brown,jane.brown@agency.com,268-834-3048,Shield Insurance
AGENT_981,Emily,Williams,emily.williams@agency.com,564-628-7758,Prime Insurance
AGENT_336,Sarah,Johnson,sarah.johnson@agency.com,465-773-3296,TrustGuard
AGENT_593,David,Smith,david.smith@agency.com,334-472-8415,TrustGuard
